Workbook

Sheet Resource Plan
A1: Resource Planning Sample - Team Capacity and Allocation
A2: Planning Period | B2: Jul-2026 to Sep-2026 | D2: Target Utilization | E2: 0.8 | G2: Bench Threshold | H2: 0.15
A4: Employee | B4: Role | C4: Skill | D4: Location | E4: Monthly Capacity (hrs) | F4: Project | G4: Allocation % | H4: Allocated Hrs | I4: Available Hrs | J4: Utilization Status
A5: An Nguyen | B5: Data Analyst | C5: Power BI / Excel | D5: Ho Chi Minh City | E5: 160 | F5: Resource Planning Dashboard | G5: 0.75 | H5: =E5*G5 | I5: =E5-H5 | J5: =IF(G5>1,"Overallocated",IF(G5>=$E$2,"At/Above Target",IF((1-G5)>$H$2,"Bench Risk","Under Target")))
A6: Binh Tran | B6: Backend Engineer | C6: Python / API | D6: Ho Chi Minh City | E6: 160 | F6: Permission Audit Tool | G6: 0.9 | H6: =E6*G6 | I6: =E6-H6 | J6: =IF(G6>1,"Overallocated",IF(G6>=$E$2,"At/Above Target",IF((1-G6)>$H$2,"Bench Risk","Under Target")))
A7: Chi Le | B7: PM | C7: Planning / Reporting | D7: Ho Chi Minh City | E7: 160 | F7: Haskoning PMO | G7: 0.65 | H7: =E7*G7 | I7: =E7-H7 | J7: =IF(G7>1,"Overallocated",IF(G7>=$E$2,"At/Above Target",IF((1-G7)>$H$2,"Bench Risk","Under Target")))
A8: Duong Pham | B8: Data Engineer | C8: SQL / ETL | D8: Ho Chi Minh City | E8: 168 | F8: Resource Planning Dashboard | G8: 0.85 | H8: =E8*G8 | I8: =E8-H8 | J8: =IF(G8>1,"Overallocated",IF(G8>=$E$2,"At/Above Target",IF((1-G8)>$H$2,"Bench Risk","Under Target")))
A9: Huy Vo | B9: QA Engineer | C9: Testing / Automation | D9: Ho Chi Minh City | E9: 160 | F9: Folder Governance | G9: 0.55 | H9: =E9*G9 | I9: =E9-H9 | J9: =IF(G9>1,"Overallocated",IF(G9>=$E$2,"At/Above Target",IF((1-G9)>$H$2,"Bench Risk","Under Target")))
A10: Linh Ho | B10: Business Analyst | C10: Process / Reporting | D10: Ho Chi Minh City | E10: 160 | F10: Internal KPI Dashboard | G10: 0.4 | H10: =E10*G10 | I10: =E10-H10 | J10: =IF(G10>1,"Overallocated",IF(G10>=$E$2,"At/Above Target",IF((1-G10)>$H$2,"Bench Risk","Under Target")))
A11: Minh Do | B11: Frontend Engineer | C11: Streamlit / UI | D11: Ho Chi Minh City | E11: 160 | F11: Internal KPI Dashboard | G11: 0.95 | H11: =E11*G11 | I11: =E11-H11 | J11: =IF(G11>1,"Overallocated",IF(G11>=$E$2,"At/Above Target",IF((1-G11)>$H$2,"Bench Risk","Under Target")))
A12: Phuc Nguyen | B12: Support Engineer | C12: Ops / Access | D12: Ho Chi Minh City | E12: 168 | F12: Permission Audit Tool | G12: 0.6 | H12: =E12*G12 | I12: =E12-H12 | J12: =IF(G12>1,"Overallocated",IF(G12>=$E$2,"At/Above Target",IF((1-G12)>$H$2,"Bench Risk","Under Target")))
A13: Quynh Bui | B13: Consultant | C13: Planning / Client Ops | D13: Ho Chi Minh City | E13: 160 | F13: Haskoning PMO | G13: 0.7 | H13: =E13*G13 | I13: =E13-H13 | J13: =IF(G13>1,"Overallocated",IF(G13>=$E$2,"At/Above Target",IF((1-G13)>$H$2,"Bench Risk","Under Target")))
A14: Tam Truong | B14: Developer | C14: Python / Automation | D14: Ho Chi Minh City | E14: 160 | F14: Image Share Tool | G14: 0.5 | H14: =E14*G14 | I14: =E14-H14 | J14: =IF(G14>1,"Overallocated",IF(G14>=$E$2,"At/Above Target",IF((1-G14)>$H$2,"Bench Risk","Under Target")))
A15: Tuan Le | B15: Data Analyst | C15: Excel / Forecasting | D15: Ho Chi Minh City | E15: 160 | F15: Resource Planning Dashboard | G15: 1 | H15: =E15*G15 | I15: =E15-H15 | J15: =IF(G15>1,"Overallocated",IF(G15>=$E$2,"At/Above Target",IF((1-G15)>$H$2,"Bench Risk","Under Target")))
A16: Vy Tran | B16: Designer | C16: UX / Reporting | D16: Ho Chi Minh City | E16: 152 | F16: Internal KPI Dashboard | G16: 0.35 | H16: =E16*G16 | I16: =E16-H16 | J16: =IF(G16>1,"Overallocated",IF(G16>=$E$2,"At/Above Target",IF((1-G16)>$H$2,"Bench Risk","Under Target")))
A19: Dashboard KPIs
A20: Total Capacity Hrs | B20: =SUM(E5:E16)
A21: Total Allocated Hrs | B21: =SUM(H5:H16)
A22: Overall Utilization | B22: =IF(B20=0,0,B21/B20)
A23: Bench Risk Count | B23: =COUNTIF(J5:J16,"Bench Risk")
A24: Overallocated Count | B24: =COUNTIF(J5:J16,"Overallocated")
A27: Assumptions / Notes
A28: - Monthly capacity excludes public holidays and leave.
A29: - Allocation % is the primary user input for scenario planning.
A30: - Bench Risk means remaining capacity above threshold and below target utilization.
A31: - Overallocated means allocation exceeds 100%.

Sheet Summary
A1: Resource Planning Summary
A3: Project | B3: Team Members | C3: Capacity Hrs | D3: Allocated Hrs | E3: Avg Allocation % | F3: Available Hrs
A4: Folder Governance | B4: =COUNTIF('Resource Plan'!$F$5:$F$16,A4) | C4: =SUMIF('Resource Plan'!$F$5:$F$16,A4,'Resource Plan'!$E$5:$E$16) | D4: =SUMIF('Resource Plan'!$F$5:$F$16,A4,'Resource Plan'!$H$5:$H$16) | E4: =IF(C4=0,0,D4/C4) | F4: =C4-D4
A5: Haskoning PMO | B5: =COUNTIF('Resource Plan'!$F$5:$F$16,A5) | C5: =SUMIF('Resource Plan'!$F$5:$F$16,A5,'Resource Plan'!$E$5:$E$16) | D5: =SUMIF('Resource Plan'!$F$5:$F$16,A5,'Resource Plan'!$H$5:$H$16) | E5: =IF(C5=0,0,D5/C5) | F5: =C5-D5
A6: Image Share Tool | B6: =COUNTIF('Resource Plan'!$F$5:$F$16,A6) | C6: =SUMIF('Resource Plan'!$F$5:$F$16,A6,'Resource Plan'!$E$5:$E$16) | D6: =SUMIF('Resource Plan'!$F$5:$F$16,A6,'Resource Plan'!$H$5:$H$16) | E6: =IF(C6=0,0,D6/C6) | F6: =C6-D6
A7: Internal KPI Dashboard | B7: =COUNTIF('Resource Plan'!$F$5:$F$16,A7) | C7: =SUMIF('Resource Plan'!$F$5:$F$16,A7,'Resource Plan'!$E$5:$E$16) | D7: =SUMIF('Resource Plan'!$F$5:$F$16,A7,'Resource Plan'!$H$5:$H$16) | E7: =IF(C7=0,0,D7/C7) | F7: =C7-D7
A8: Permission Audit Tool | B8: =COUNTIF('Resource Plan'!$F$5:$F$16,A8) | C8: =SUMIF('Resource Plan'!$F$5:$F$16,A8,'Resource Plan'!$E$5:$E$16) | D8: =SUMIF('Resource Plan'!$F$5:$F$16,A8,'Resource Plan'!$H$5:$H$16) | E8: =IF(C8=0,0,D8/C8) | F8: =C8-D8
A9: Resource Planning Dashboard | B9: =COUNTIF('Resource Plan'!$F$5:$F$16,A9) | C9: =SUMIF('Resource Plan'!$F$5:$F$16,A9,'Resource Plan'!$E$5:$E$16) | D9: =SUMIF('Resource Plan'!$F$5:$F$16,A9,'Resource Plan'!$H$5:$H$16) | E9: =IF(C9=0,0,D9/C9) | F9: =C9-D9

Sheet Deploy Architecture
A1: Recommended Deployment Architecture for Internal Resource Planning Data
A3: Layer | B3: Component | C3: Purpose | D3: Recommended Choice | E3: Notes | F3: Security | G3: Ops
A4: Source Data | B4: Excel workbook / SharePoint folder | C4: Business-owned planning input | D4: Store workbook in SharePoint/OneDrive versioned folder | E4: Business team updates template monthly | F4: M365 permissions by team | G4: Low ops
A5: Ingestion | B5: Python pandas/openpyxl loader | C5: Read workbook and validate schema | D5: Load xlsx on app startup or scheduled refresh | E5: Reject invalid columns / missing sheets | F5: Read-only service access | G5: Medium
A6: App Layer | B6: Streamlit dashboard | C6: Interactive filters, KPIs, charts, export | D6: Dockerized Streamlit app on internal VM/App Service | E6: Cache data and support file refresh | F6: SSO / OIDC + VPN or private network | G6: Medium
A7: Auth | B7: Microsoft Entra ID | C7: Identity and access control | D7: OIDC login for internal users | E7: Restrict to company tenant/group | F7: MFA + group-based access | G7: Low
A8: Reverse Proxy | B8: Nginx or App Gateway | C8: TLS termination and routing | D8: Expose only internal HTTPS endpoint | E8: Optional path-based routing | F8: HTTPS, headers, IP allowlist | G8: Medium
A9: Container Runtime | B9: Docker | C9: Portable deployment | D9: Single container per environment | E9: Dev/Test/Prod image tags | F9: Secrets via env vars | G9: Medium
A10: Monitoring | B10: Application logs + health check | C10: Support and troubleshooting | D10: Health endpoint and structured logs | E10: Track refresh failures | F10: No secrets in logs | G10: Medium
